{"eval_auc": 0.4700616095494802, "eval_accuracy": 0.47549019607843135}