{"train_auc": 0.910190189937361, "train_accuracy": 0.8404522613065326}