{"eval_auc": 0.426566705113418, "eval_accuracy": 0.45098039215686275}