{"train_auc": 0.9260313124415105, "train_accuracy": 0.8291457286432161}